URL,Film Name,Screening type,Date,Time,Venue,City
https://festival.sundance.org/program/film/67531e8868b8b72082fe3240,2000 Meters to Andriivka,Premiere,Jan 23,5:00 PM MST,The Ray Theatre,Park City
https://festival.sundance.org/program/film/67531e8868b8b72082fe3240,2000 Meters to Andriivka,Screening,Jan 24,1:10 PM MST,Redstone Cinemas - 2,Park City
https://festival.sundance.org/program/film/67531e8868b8b72082fe3240,2000 Meters to Andriivka,Screening,Jan 25,6:00 PM MST,Broadway Centre Cinemas - 3,Salt Lake City
https://festival.sundance.org/program/film/67531e8868b8b72082fe3240,2000 Meters to Andriivka,Screening,Jan 29,12:00 PM MST,Egyptian Theatre,Park City
https://festival.sundance.org/program/film/67531e8868b8b72082fe3240,2000 Meters to Andriivka,Screening,Jan 31,8:45 PM MST,Library Center Theatre,Park City
https://festival.sundance.org/program/film/67532569707ccddea40890ac,All That’s Left of You (اللي باقي منك),Premiere,Jan 25,6:00 PM MST,Eccles Theatre,Park City
https://festival.sundance.org/program/film/67532569707ccddea40890ac,All That’s Left of You (اللي باقي منك),Screening,Jan 26,9:00 AM MST,Redstone Cinemas - 1,Park City
https://festival.sundance.org/program/film/67532569707ccddea40890ac,All That’s Left of You (اللي باقي منك),Screening,Jan 27,5:15 PM MST,Rose Wagner Center,Salt Lake City
https://festival.sundance.org/program/film/67532569707ccddea40890ac,All That’s Left of You (اللي باقي منك),Screening,Jan 28,8:00 AM MST,Library Center Theatre,Park City
https://festival.sundance.org/program/film/67532569707ccddea40890ac,All That’s Left of You (اللي باقي منك),Screening,Jan 30,10:45 AM MST,The Ray Theatre,Park City
https://festival.sundance.org/program/film/67532569707ccddea40890ac,All That’s Left of You (اللي باقي منك),Screening,Feb 1,12:00 PM MST,Redstone Cinemas - 1,Park City
https://festival.sundance.org/program/film/675333aa68b8b73e67fe584a,André is an Idiot,Premiere,Jan 24,11:30 AM MST,Library Center Theatre,Park City
https://festival.sundance.org/program/film/675333aa68b8b73e67fe584a,André is an Idiot,Screening,Jan 25,11:00 AM MST,Redstone Cinemas - 4,Park City
https://festival.sundance.org/program/film/675333aa68b8b73e67fe584a,André is an Idiot,Screening,Jan 26,12:00 PM MST,Broadway Centre Cinemas - 3,Salt Lake City
https://festival.sundance.org/program/film/675333aa68b8b73e67fe584a,André is an Idiot,Screening,Jan 30,1:10 PM MST,Redstone Cinemas - 2,Park City
https://festival.sundance.org/program/film/675333aa68b8b73e67fe584a,André is an Idiot,Screening,Feb 1,11:55 PM MST,The Ray Theatre,Park City
https://festival.sundance.org/program/short-info/67534d6363b943583cc22c14,Animated Short Film Program,Premiere,Jan 24,8:30 PM  MST,Library Center Theatre,Park City
https://festival.sundance.org/program/short-info/67534d6363b943583cc22c14,Animated Short Film Program,Screening,Jan 25,5:20 PM  MST,Redstone Cinemas - 3,Park City
https://festival.sundance.org/program/short-info/67534d6363b943583cc22c14,Animated Short Film Program,Screening,Jan 27,10:00 PM  MST,Broadway Centre Cinemas - 6,Salt Lake City
https://festival.sundance.org/program/short-info/67534d6363b943583cc22c14,Animated Short Film Program,Screening,Feb 1,5:20 PM  MST,Redstone Cinemas - 3,Park City
https://festival.sundance.org/program/film/67531c96707ccd6b2d08815e,April,Premiere,Jan 23,12:00 PM MST,Egyptian Theatre,Park City
https://festival.sundance.org/program/film/67531c96707ccd6b2d08815e,April,Screening,Jan 24,10:20 AM MST,Redstone Cinemas - 3,Park City
https://festival.sundance.org/program/film/67531c96707ccd6b2d08815e,April,Screening,Jan 24,6:00 PM MST,Broadway Centre Cinemas - 6,Salt Lake City
https://festival.sundance.org/program/film/67531c96707ccd6b2d08815e,April,Screening,Jan 29,1:50 PM MST,Redstone Cinemas - 3,Park City
https://festival.sundance.org/program/film/67531c96707ccd6b2d08815e,April,Screening,Feb 2,11:30 AM MST,Egyptian Theatre,Park City
https://festival.sundance.org/program/film/67532cf0707ccd336d089fd3,April & Amanda,Premiere,Jan 28,9:15 PM MST,Egyptian Theatre,Park City
https://festival.sundance.org/program/film/67532cf0707ccd336d089fd3,April & Amanda,Screening,Jan 29,12:30 PM MST,Redstone Cinemas - 1,Park City
https://festival.sundance.org/program/film/67532cf0707ccd336d089fd3,April & Amanda,Screening,Jan 30,12:00 PM MST,Broadway Centre Cinemas - 3,Salt Lake City
https://festival.sundance.org/program/film/67532cf0707ccd336d089fd3,April & Amanda,Screening,Feb 1,9:00 AM MST,Redstone Cinemas - 1,Park City
https://festival.sundance.org/program/film/67532cf0707ccd336d089fd3,April & Amanda,Screening,Feb 2,1:30 PM MST,Holiday Village Cinemas - 3,Park City
https://festival.sundance.org/program/film/6753268268b8b78fabfe3efb,Atropia,Premiere,Jan 25,12:00 PM MST,Eccles Theatre,Park City
https://festival.sundance.org/program/film/6753268268b8b78fabfe3efb,Atropia,Screening,Jan 26,7:30 PM MST,Redstone Cinemas - 1,Park City
https://festival.sundance.org/program/film/6753268268b8b78fabfe3efb,Atropia,Screening,Jan 27,9:00 PM MST,Rose Wagner Center,Salt Lake City
https://festival.sundance.org/program/film/6753268268b8b78fabfe3efb,Atropia,Screening,Jan 29,8:15 AM MST,Library Center Theatre,Park City
https://festival.sundance.org/program/film/6753268268b8b78fabfe3efb,Atropia,Screening,Jan 31,9:00 PM MST,The Ray Theatre,Park City
https://festival.sundance.org/program/film/6753268268b8b78fabfe3efb,Atropia,Screening,Feb 1,5:45 PM MST,Broadway Centre Cinemas - 3,Salt Lake City
https://festival.sundance.org/program/film/6753268268b8b78fabfe3efb,Atropia,Screening,Feb 2,7:30 PM MST,Redstone Cinemas - 1,Park City
https://festival.sundance.org/program/film/675f6177aac09f49d3dbe7af,Audience Award: NEXT,Award Winner,Feb 2,11:30 AM MST,Rose Wagner Center,Salt Lake City
https://festival.sundance.org/program/film/675f626aaac09f1cf5dbe8a3,Audience Award: U.S. Documentary,Award Winner,Feb 2,2:30 PM MST,Rose Wagner Center,Salt Lake City
https://festival.sundance.org/program/film/675f6332aac09f6edcdbe960,Audience Award: U.S. Dramatic,Award Winner,Feb 2,8:30 PM MST,Rose Wagner Center,Salt Lake City
https://festival.sundance.org/program/film/675f5888aac09f6db3dbe425,Audience Award: World Cinema Documentary,Award Winner,Feb 2,6:00 PM MST,Broadway Centre Cinemas - 3,Salt Lake City
https://festival.sundance.org/program/film/675f5c3caac09f2670dbe593,Audience Award: World Cinema Dramatic,Award Winner,Feb 2,9:00 PM MST,Broadway Centre Cinemas - 3,Salt Lake City
https://festival.sundance.org/program/film/67532d10707ccd101008a046,BLKNWS: Terms & Conditions,Premiere,Jan 24,7:00 PM MST,The Ray Theatre,Park City
https://festival.sundance.org/program/film/67532d10707ccd101008a046,BLKNWS: Terms & Conditions,Screening,Jan 25,6:00 PM MST,Redstone Cinemas - 4,Park City
https://festival.sundance.org/program/film/67532d10707ccd101008a046,BLKNWS: Terms & Conditions,Screening,Jan 26,12:30 PM MST,Broadway Centre Cinemas - 6,Salt Lake City
https://festival.sundance.org/program/film/67532d10707ccd101008a046,BLKNWS: Terms & Conditions,Screening,Jan 30,11:30 AM MST,Library Center Theatre,Park City
https://festival.sundance.org/program/film/67532d10707ccd101008a046,BLKNWS: Terms & Conditions,Screening,Feb 1,3:00 PM MST,Egyptian Theatre,Park City
https://festival.sundance.org/program/film/6753284c68b8b779bcfe44cb,Brides,Premiere,Jan 24,6:00 PM MST,Egyptian Theatre,Park City
https://festival.sundance.org/program/film/6753284c68b8b779bcfe44cb,Brides,Screening,Jan 25,8:50 PM MST,Redstone Cinemas - 3,Park City
https://festival.sundance.org/program/film/6753284c68b8b779bcfe44cb,Brides,Screening,Jan 27,7:00 PM MST,Broadway Centre Cinemas - 6,Salt Lake City
https://festival.sundance.org/program/film/6753284c68b8b779bcfe44cb,Brides,Screening,Jan 30,4:00 PM MST,Holiday Village Cinemas - 1,Park City
https://festival.sundance.org/program/film/6753284c68b8b779bcfe44cb,Brides,Screening,Feb 2,9:30 PM MST,Redstone Cinemas - 4,Park City
https://festival.sundance.org/program/film/675327a268b8b7a63dfe4235,Bubble & Squeak,Premiere,Jan 24,6:15 PM MST,Eccles Theatre,Park City
https://festival.sundance.org/program/film/675327a268b8b7a63dfe4235,Bubble & Squeak,Screening,Jan 25,7:30 PM MST,Redstone Cinemas - 1,Park City
https://festival.sundance.org/program/film/675327a268b8b7a63dfe4235,Bubble & Squeak,Screening,Jan 26,9:00 PM MST,Rose Wagner Center,Salt Lake City
https://festival.sundance.org/program/film/675327a268b8b7a63dfe4235,Bubble & Squeak,Screening,Jan 29,6:00 PM MST,Egyptian Theatre,Park City
https://festival.sundance.org/program/film/675327a268b8b7a63dfe4235,Bubble & Squeak,Screening,Jan 31,6:15 PM MST,The Ray Theatre,Park City
https://festival.sundance.org/program/film/675335f063b94300d0c22130,"Bucks County, USA",Premiere,Jan 28,10:00 AM MST,The Ray Theatre,Park City
https://festival.sundance.org/program/film/675335f063b94300d0c22130,"Bucks County, USA",Screening,Jan 29,11:15 AM MST,Library Center Theatre,Park City
https://festival.sundance.org/program/film/675335f063b94300d0c22130,"Bucks County, USA",Screening,Jan 31,3:00 PM MST,Broadway Centre Cinemas - 3,Salt Lake City
https://festival.sundance.org/program/film/675335f063b94300d0c22130,"Bucks County, USA",Screening,Feb 1,6:00 PM MST,Redstone Cinemas - 4,Park City
https://festival.sundance.org/program/film/6753249168b8b7af55fe3a60,Bunnylovr,Premiere,Jan 25,8:45 PM MST,Library Center Theatre,Park City
https://festival.sundance.org/program/film/6753249168b8b7af55fe3a60,Bunnylovr,Screening,Jan 26,9:30 PM MST,Redstone Cinemas - 4,Park City
https://festival.sundance.org/program/film/6753249168b8b7af55fe3a60,Bunnylovr,Screening,Jan 27,12:00 PM MST,Broadway Centre Cinemas - 3,Salt Lake City
https://festival.sundance.org/program/film/6753249168b8b7af55fe3a60,Bunnylovr,Screening,Jan 30,5:20 PM MST,Redstone Cinemas - 3,Park City
https://festival.sundance.org/program/film/67532d2c707ccd1c5e08a0bc,By Design,Premiere,Jan 23,6:00 PM MST,Library Center Theatre,Park City
https://festival.sundance.org/program/film/67532d2c707ccd1c5e08a0bc,By Design,Screening,Jan 24,9:00 AM MST,Redstone Cinemas - 1,Park City
https://festival.sundance.org/program/film/67532d2c707ccd1c5e08a0bc,By Design,Screening,Jan 24,5:30 PM MST,Broadway Centre Cinemas - 3,Salt Lake City
https://festival.sundance.org/program/film/67532d2c707ccd1c5e08a0bc,By Design,Screening,Jan 29,3:00 PM MST,Egyptian Theatre,Park City
https://festival.sundance.org/program/film/67532d2c707ccd1c5e08a0bc,By Design,Screening,Feb 1,10:15 AM MST,Holiday Village Cinemas - 2,Park City
https://festival.sundance.org/program/film/67531cd068b8b7b5a3fe2e8a,"Coexistence, My Ass!",Premiere,Jan 26,12:00 PM MST,Egyptian Theatre,Park City
https://festival.sundance.org/program/film/67531cd068b8b7b5a3fe2e8a,"Coexistence, My Ass!",Screening,Jan 27,9:40 AM MST,Redstone Cinemas - 2,Park City
https://festival.sundance.org/program/film/67531cd068b8b7b5a3fe2e8a,"Coexistence, My Ass!",Screening,Jan 29,12:15 PM MST,Broadway Centre Cinemas - 6,Salt Lake City
https://festival.sundance.org/program/film/67531cd068b8b7b5a3fe2e8a,"Coexistence, My Ass!",Screening,Jan 31,1:30 PM MST,Holiday Village Cinemas - 3,Park City
https://festival.sundance.org/program/film/67531cd068b8b7b5a3fe2e8a,"Coexistence, My Ass!",Screening,Feb 2,9:40 AM MST,Redstone Cinemas - 2,Park City
https://festival.sundance.org/program/film/67532040707ccdb4690888fd,Come See Me in the Good Light,Premiere,Jan 25,5:30 PM MST,Library Center Theatre,Park City
https://festival.sundance.org/program/film/67532040707ccdb4690888fd,Come See Me in the Good Light,Screening,Jan 26,6:00 PM MST,Redstone Cinemas - 4,Park City
https://festival.sundance.org/program/film/67532040707ccdb4690888fd,Come See Me in the Good Light,Screening,Jan 27,2:00 PM MST,Rose Wagner Center,Salt Lake City
https://festival.sundance.org/program/film/67532040707ccdb4690888fd,Come See Me in the Good Light,Screening,Jan 31,2:45 PM MST,Egyptian Theatre,Park City
https://festival.sundance.org/program/film/67532040707ccdb4690888fd,Come See Me in the Good Light,Screening,Feb 2,1:00 PM MST,Holiday Village Cinemas - 2,Park City
https://festival.sundance.org/program/film/67531b7f68b8b7e81dfe2bf7,Cutting Through Rocks (اوزاک یوللار),Premiere,Jan 27,12:00 PM MST,Egyptian Theatre,Park City
https://festival.sundance.org/program/film/67531b7f68b8b7e81dfe2bf7,Cutting Through Rocks (اوزاک یوللار),Screening,Jan 28,5:20 PM MST,Redstone Cinemas - 3,Park City
https://festival.sundance.org/program/film/67531b7f68b8b7e81dfe2bf7,Cutting Through Rocks (اوزاک یوللار),Screening,Jan 31,10:30 AM MST,Holiday Village Cinemas - 3,Park City
https://festival.sundance.org/program/film/67531b7f68b8b7e81dfe2bf7,Cutting Through Rocks (اوزاک یوللار),Screening,Feb 1,12:15 PM MST,Broadway Centre Cinemas - 6,Salt Lake City
https://festival.sundance.org/program/film/6753366c68b8b71f7cfe60d4,Dead Lover,Premiere,Jan 24,10:00 PM MST,The Ray Theatre,Park City
https://festival.sundance.org/program/film/6753366c68b8b71f7cfe60d4,Dead Lover,Screening,Jan 25,8:10 PM MST,Redstone Cinemas - 2,Park City
https://festival.sundance.org/program/film/6753366c68b8b71f7cfe60d4,Dead Lover,Screening,Jan 26,10:00 PM MST,Broadway Centre Cinemas - 6,Salt Lake City
https://festival.sundance.org/program/film/6753366c68b8b71f7cfe60d4,Dead Lover,Screening,Jan 30,8:30 PM MST,Egyptian Theatre,Park City
https://festival.sundance.org/program/film/6753366c68b8b71f7cfe60d4,Dead Lover,Screening,Feb 1,9:30 PM MST,Redstone Cinemas - 4,Park City
https://festival.sundance.org/program/film/675328fc707ccd27440898eb,Deaf President Now!,Premiere,Jan 28,12:00 PM MST,Eccles Theatre,Park City
https://festival.sundance.org/program/film/675328fc707ccd27440898eb,Deaf President Now!,Screening,Jan 29,12:00 PM MST,The Ray Theatre,Park City
https://festival.sundance.org/program/film/675328fc707ccd27440898eb,Deaf President Now!,Screening,Jan 31,12:30 PM MST,Redstone Cinemas - 1,Park City
https://festival.sundance.org/program/film/675328fc707ccd27440898eb,Deaf President Now!,Screening,Feb 1,3:00 PM MST,Broadway Centre Cinemas - 6,Salt Lake City
https://festival.sundance.org/program/film/675328fc707ccd27440898eb,Deaf President Now!,Screening,Feb 2,12:30 PM MST,Redstone Cinemas - 1,Park City
https://festival.sundance.org/program/film/675335f468b8b72f18fe5fc1,Didn’t Die,Premiere,Jan 28,9:00 PM MST,Library Center Theatre,Park City
https://festival.sundance.org/program/film/675335f468b8b72f18fe5fc1,Didn’t Die,Screening,Jan 29,8:10 PM MST,Redstone Cinemas - 2,Park City
https://festival.sundance.org/program/film/675335f468b8b72f18fe5fc1,Didn’t Die,Screening,Feb 1,8:50 PM MST,Redstone Cinemas - 3,Park City
https://festival.sundance.org/program/film/675335f468b8b72f18fe5fc1,Didn’t Die,Screening,Feb 2,9:30 PM MST,Broadway Centre Cinemas - 6,Salt Lake City
https://festival.sundance.org/program/film/67532a8568b8b7874dfe4992,DJ Ahmet,Premiere,Jan 23,6:30 PM MST,Egyptian Theatre,Park City
https://festival.sundance.org/program/film/67532a8568b8b7874dfe4992,DJ Ahmet,Screening,Jan 24,9:40 AM MST,Redstone Cinemas - 2,Park City
https://festival.sundance.org/program/film/67532a8568b8b7874dfe4992,DJ Ahmet,Screening,Jan 24,8:00 PM MST,Broadway Centre Cinemas - 3,Salt Lake City
https://festival.sundance.org/program/film/67532a8568b8b7874dfe4992,DJ Ahmet,Screening,Jan 29,7:00 PM MST,Holiday Village Cinemas - 4,Park City
https://festival.sundance.org/program/film/67532a8568b8b7874dfe4992,DJ Ahmet,Screening,Feb 2,8:10 PM MST,Redstone Cinemas - 2,Park City
https://festival.sundance.org/program/short-info/67534e1663b9434465c22c78,Documentary Short Film Program,Premiere,Jan 25,11:30 AM  MST,Library Center Theatre,Park City
https://festival.sundance.org/program/short-info/67534e1663b9434465c22c78,Documentary Short Film Program,Screening,Jan 26,1:50 PM  MST,Redstone Cinemas - 3,Park City
https://festival.sundance.org/program/short-info/67534e1663b9434465c22c78,Documentary Short Film Program,Screening,Jan 28,3:00 PM  MST,Broadway Centre Cinemas - 3,Salt Lake City
https://festival.sundance.org/program/short-info/67534e1663b9434465c22c78,Documentary Short Film Program,Screening,Feb 1,8:10 PM  MST,Redstone Cinemas - 2,Park City
https://festival.sundance.org/program/film/67532d41707ccda60d08a100,East of Wall,Premiere,Jan 24,10:00 AM MST,The Ray Theatre,Park City
https://festival.sundance.org/program/film/67532d41707ccda60d08a100,East of Wall,Screening,Jan 25,2:30 PM MST,Redstone Cinemas - 4,Park City
https://festival.sundance.org/program/film/67532d41707ccda60d08a100,East of Wall,Screening,Jan 26,5:30 PM MST,Broadway Centre Cinemas - 3,Salt Lake City
https://festival.sundance.org/program/film/67532d41707ccda60d08a100,East of Wall,Screening,Jan 30,2:45 PM MST,Egyptian Theatre,Park City
https://festival.sundance.org/program/film/67532d41707ccda60d08a100,East of Wall,Screening,Feb 1,7:30 PM MST,Redstone Cinemas - 1,Park City
https://festival.sundance.org/program/film/6753372f63b943e701c223c3,El Norte,Premiere,Jan 28,11:00 AM MST,Egyptian Theatre,Park City
https://festival.sundance.org/program/film/6753198b68b8b748f5fe2983,Endless Cookie,Premiere,Jan 25,3:00 PM MST,Egyptian Theatre,Park City
https://festival.sundance.org/program/film/6753198b68b8b748f5fe2983,Endless Cookie,Screening,Jan 26,5:20 PM MST,Redstone Cinemas - 3,Park City
https://festival.sundance.org/program/film/6753198b68b8b748f5fe2983,Endless Cookie,Screening,Jan 28,6:15 PM MST,Broadway Centre Cinemas - 6,Salt Lake City
https://festival.sundance.org/program/film/6753198b68b8b748f5fe2983,Endless Cookie,Screening,Jan 31,8:45 PM MST,Holiday Village Cinemas - 2,Park City
https://festival.sundance.org/program/film/6753198b68b8b748f5fe2983,Endless Cookie,Screening,Feb 2,11:00 AM MST,Redstone Cinemas - 4,Park City
https://festival.sundance.org/program/film/67533baa63b943ada0c226a3,Episodic Pilot Showcase,Premiere,Jan 28,4:15 PM MST,The Ray Theatre,Park City
https://festival.sundance.org/program/film/67533baa63b943ada0c226a3,Episodic Pilot Showcase,Screening,Jan 29,6:00 PM MST,Redstone Cinemas - 4,Park City
https://festival.sundance.org/program/film/67533baa63b943ada0c226a3,Episodic Pilot Showcase,Screening,Jan 31,12:00 PM MST,Broadway Centre Cinemas - 3,Salt Lake City
https://festival.sundance.org/program/film/67533baa63b943ada0c226a3,Episodic Pilot Showcase,Screening,Feb 1,4:30 PM MST,Holiday Village Cinemas - 3,Park City
https://festival.sundance.org/program/film/675328e4707ccdfd75089862,FOLKTALES,Premiere,Jan 25,2:30 PM MST,Library Center Theatre,Park City
https://festival.sundance.org/program/film/675328e4707ccdfd75089862,FOLKTALES,Screening,Jan 26,2:30 PM MST,Rose Wagner Center,Salt Lake City
https://festival.sundance.org/program/film/675328e4707ccdfd75089862,FOLKTALES,Screening,Jan 27,11:00 AM MST,Redstone Cinemas - 4,Park City
https://festival.sundance.org/program/film/675328e4707ccdfd75089862,FOLKTALES,Screening,Jan 30,9:30 PM MST,Redstone Cinemas - 4,Park City
https://festival.sundance.org/program/film/675328e4707ccdfd75089862,FOLKTALES,Screening,Feb 2,9:30 AM MST,Holiday Village Cinemas - 1,Park City
https://festival.sundance.org/program/film/675328d6707ccd0d44089829,Free Leonard Peltier,Premiere,Jan 27,3:15 PM MST,The Ray Theatre,Park City
https://festival.sundance.org/program/film/675328d6707ccd0d44089829,Free Leonard Peltier,Screening,Jan 28,1:00 PM MST,Rose Wagner Center,Salt Lake City
https://festival.sundance.org/program/film/675328d6707ccd0d44089829,Free Leonard Peltier,Screening,Jan 29,9:40 AM MST,Redstone Cinemas - 2,Park City
https://festival.sundance.org/program/film/675328d6707ccd0d44089829,Free Leonard Peltier,Screening,Jan 31,11:00 AM MST,Redstone Cinemas - 4,Park City
https://festival.sundance.org/program/film/675328d6707ccd0d44089829,Free Leonard Peltier,Screening,Feb 2,7:45 PM MST,Holiday Village Cinemas - 3,Park City
https://festival.sundance.org/program/film/67531a0c68b8b7fecefe2aa4,GEN_,Premiere,Jan 24,3:00 PM MST,Egyptian Theatre,Park City
https://festival.sundance.org/program/film/67531a0c68b8b7fecefe2aa4,GEN_,Screening,Jan 25,1:50 PM MST,Redstone Cinemas - 3,Park City
https://festival.sundance.org/program/film/67531a0c68b8b7fecefe2aa4,GEN_,Screening,Jan 27,12:30 PM MST,Broadway Centre Cinemas - 6,Salt Lake City
https://festival.sundance.org/program/film/67531a0c68b8b7fecefe2aa4,GEN_,Screening,Jan 31,2:45 PM MST,Holiday Village Cinemas - 2,Park City
https://festival.sundance.org/program/film/67531a0c68b8b7fecefe2aa4,GEN_,Screening,Feb 2,10:20 AM MST,Redstone Cinemas - 3,Park City
https://festival.sundance.org/program/film/6753360063b9434588c22178,Hal & Harper,Premiere,Jan 26,12:45 PM MST,The Ray Theatre,Park City
https://festival.sundance.org/program/film/6753360063b9434588c22178,Hal & Harper,Screening,Jan 27,6:00 PM MST,Redstone Cinemas - 4,Park City
https://festival.sundance.org/program/film/6753360063b9434588c22178,Hal & Harper,Screening,Jan 30,7:30 PM MST,Rose Wagner Center,Salt Lake City
https://festival.sundance.org/program/film/6753360063b9434588c22178,Hal & Harper,Screening,Feb 1,10:30 AM MST,Holiday Village Cinemas - 3,Park City
https://festival.sundance.org/program/film/675328a7707ccdaea108977a,Heightened Scrutiny,Premiere,Jan 27,12:30 PM MST,The Ray Theatre,Park City
https://festival.sundance.org/program/film/675328a7707ccdaea108977a,Heightened Scrutiny,Screening,Jan 28,1:10 PM MST,Redstone Cinemas - 2,Park City
https://festival.sundance.org/program/film/675328a7707ccdaea108977a,Heightened Scrutiny,Screening,Jan 29,5:30 PM MST,Broadway Centre Cinemas - 3,Salt Lake City
https://festival.sundance.org/program/film/675328a7707ccdaea108977a,Heightened Scrutiny,Screening,Jan 31,1:50 PM MST,Redstone Cinemas - 3,Park City
https://festival.sundance.org/program/film/675328a7707ccdaea108977a,Heightened Scrutiny,Screening,Feb 1,4:00 PM MST,Holiday Village Cinemas - 2,Park City
https://festival.sundance.org/program/film/67531c4c68b8b7261efe2d26,How to Build a Library,Premiere,Jan 26,3:00 PM MST,Egyptian Theatre,Park City
https://festival.sundance.org/program/film/67531c4c68b8b7261efe2d26,How to Build a Library,Screening,Jan 27,10:20 AM MST,Redstone Cinemas - 3,Park City
https://festival.sundance.org/program/film/67531c4c68b8b7261efe2d26,How to Build a Library,Screening,Jan 30,5:30 PM MST,Broadway Centre Cinemas - 3,Salt Lake City
https://festival.sundance.org/program/film/67531c4c68b8b7261efe2d26,How to Build a Library,Screening,Jan 31,3:00 PM MST,Holiday Village Cinemas - 1,Park City
https://festival.sundance.org/program/film/67531e0d707ccd55f3088423,If I Had Legs I’d Kick You,Premiere,Jan 24,2:15 PM MST,Library Center Theatre,Park City
https://festival.sundance.org/program/film/67531e0d707ccd55f3088423,If I Had Legs I’d Kick You,Screening,Jan 25,11:30 PM MST,Library Center Theatre,Park City
https://festival.sundance.org/program/film/67531e0d707ccd55f3088423,If I Had Legs I’d Kick You,Screening,Jan 29,7:30 PM MST,Redstone Cinemas - 1,Park City
https://festival.sundance.org/program/film/67531e0d707ccd55f3088423,If I Had Legs I’d Kick You,Screening,Jan 31,3:00 PM MST,The Ray Theatre,Park City
https://festival.sundance.org/program/film/67531e0d707ccd55f3088423,If I Had Legs I’d Kick You,Screening,Feb 1,9:00 PM MST,Broadway Centre Cinemas - 6,Salt Lake City
https://festival.sundance.org/program/film/67531e0d707ccd55f3088423,If I Had Legs I’d Kick You,Screening,Feb 2,11:30 AM MST,Library Center Theatre,Park City
https://festival.sundance.org/program/film/675328b4707ccddd870897b7,"It’s Never Over, Jeff Buckley",Premiere,Jan 24,3:45 PM MST,The Ray Theatre,Park City
https://festival.sundance.org/program/film/675328b4707ccddd870897b7,"It’s Never Over, Jeff Buckley",Screening,Jan 25,9:00 AM MST,Redstone Cinemas - 1,Park City
https://festival.sundance.org/program/film/675328b4707ccddd870897b7,"It’s Never Over, Jeff Buckley",Screening,Jan 26,5:45 PM MST,Rose Wagner Center,Salt Lake City
https://festival.sundance.org/program/film/675328b4707ccddd870897b7,"It’s Never Over, Jeff Buckley",Screening,Jan 29,1:10 PM MST,Redstone Cinemas - 2,Park City
https://festival.sundance.org/program/film/675328b4707ccddd870897b7,"It’s Never Over, Jeff Buckley",Screening,Feb 2,3:00 PM MST,Egyptian Theatre,Park City
https://festival.sundance.org/program/film/67531ffe707ccdb18d0888c3,Jimpa,Premiere,Jan 23,3:00 PM MST,Eccles Theatre,Park City
https://festival.sundance.org/program/film/67531ffe707ccdb18d0888c3,Jimpa,Screening,Jan 24,8:00 AM MST,Library Center Theatre,Park City
https://festival.sundance.org/program/film/67531ffe707ccdb18d0888c3,Jimpa,Screening,Jan 24,6:00 PM MST,Rose Wagner Center,Salt Lake City
https://festival.sundance.org/program/film/67531ffe707ccdb18d0888c3,Jimpa,Screening,Jan 29,8:45 PM MST,Egyptian Theatre,Park City
https://festival.sundance.org/program/film/67531ffe707ccdb18d0888c3,Jimpa,Screening,Feb 1,6:15 PM MST,Holiday Village Cinemas - 1,Park City
https://festival.sundance.org/program/film/67531ffe707ccdb18d0888c3,Jimpa,Screening,Feb 2,4:00 PM MST,Redstone Cinemas - 1,Park City
https://festival.sundance.org/program/film/6753190a68b8b769e3fe283a,Khartoum,Premiere,Jan 27,2:45 PM MST,Egyptian Theatre,Park City
https://festival.sundance.org/program/film/6753190a68b8b769e3fe283a,Khartoum,Screening,Jan 28,8:50 PM MST,Redstone Cinemas - 3,Park City
https://festival.sundance.org/program/film/6753190a68b8b769e3fe283a,Khartoum,Screening,Jan 29,2:45 PM MST,Broadway Centre Cinemas - 3,Salt Lake City
https://festival.sundance.org/program/film/6753190a68b8b769e3fe283a,Khartoum,Screening,Jan 31,12:15 PM MST,Holiday Village Cinemas - 1,Park City
https://festival.sundance.org/program/film/67531e26707ccd95bf08845e,Kiss of the Spider Woman,Premiere,Jan 26,6:00 PM MST,Eccles Theatre,Park City
https://festival.sundance.org/program/film/67531e26707ccd95bf08845e,Kiss of the Spider Woman,Screening,Jan 27,11:15 PM MST,Library Center Theatre,Park City
https://festival.sundance.org/program/film/67531e26707ccd95bf08845e,Kiss of the Spider Woman,Screening,Jan 30,2:30 PM MST,The Ray Theatre,Park City
https://festival.sundance.org/program/film/67531e26707ccd95bf08845e,Kiss of the Spider Woman,Screening,Jan 31,8:30 PM MST,Rose Wagner Center,Salt Lake City
https://festival.sundance.org/program/film/67531e26707ccd95bf08845e,Kiss of the Spider Woman,Screening,Feb 2,9:00 AM MST,Redstone Cinemas - 1,Park City
https://festival.sundance.org/program/film/67531df8707ccdf9320883db,Last Days,Premiere,Jan 28,3:00 PM MST,Eccles Theatre,Park City
https://festival.sundance.org/program/film/67531df8707ccdf9320883db,Last Days,Screening,Jan 29,2:45 PM MST,Library Center Theatre,Park City
https://festival.sundance.org/program/film/67531df8707ccdf9320883db,Last Days,Screening,Jan 30,8:00 PM MST,Holiday Village Cinemas - 2,Park City
https://festival.sundance.org/program/film/67531df8707ccdf9320883db,Last Days,Screening,Feb 1,2:30 PM MST,Redstone Cinemas - 4,Park City
https://festival.sundance.org/program/film/67531df8707ccdf9320883db,Last Days,Screening,Feb 2,6:15 PM MST,Broadway Centre Cinemas - 6,Salt Lake City
https://festival.sundance.org/program/film/675332e268b8b704ebfe55ad,Life After,Premiere,Jan 27,6:30 PM MST,The Ray Theatre,Park City
https://festival.sundance.org/program/film/675332e268b8b704ebfe55ad,Life After,Screening,Jan 28,9:40 AM MST,Redstone Cinemas - 2,Park City
https://festival.sundance.org/program/film/675332e268b8b704ebfe55ad,Life After,Screening,Jan 30,12:30 PM MST,Broadway Centre Cinemas - 6,Salt Lake City
https://festival.sundance.org/program/film/675332e268b8b704ebfe55ad,Life After,Screening,Jan 31,6:00 PM MST,Holiday Village Cinemas - 1,Park City
https://festival.sundance.org/program/film/675325b268b8b79ed6fe3da8,"Love, Brooklyn",Premiere,Jan 27,12:00 PM MST,Eccles Theatre,Park City
https://festival.sundance.org/program/film/675325b268b8b79ed6fe3da8,"Love, Brooklyn",Screening,Jan 28,12:30 PM MST,Redstone Cinemas - 1,Park City
https://festival.sundance.org/program/film/675325b268b8b79ed6fe3da8,"Love, Brooklyn",Screening,Jan 30,8:30 AM MST,Library Center Theatre,Park City
https://festival.sundance.org/program/film/675325b268b8b79ed6fe3da8,"Love, Brooklyn",Screening,Feb 1,2:45 PM MST,Broadway Centre Cinemas - 3,Salt Lake City
https://festival.sundance.org/program/film/675325b268b8b79ed6fe3da8,"Love, Brooklyn",Screening,Feb 2,12:30 PM MST,Holiday Village Cinemas - 1,Park City
https://festival.sundance.org/program/film/67532d01707ccd165908a006,Lurker,Premiere,Jan 28,6:30 PM MST,Eccles Theatre,Park City
https://festival.sundance.org/program/film/67532d01707ccd165908a006,Lurker,Screening,Jan 29,11:55 PM MST,The Ray Theatre,Park City
https://festival.sundance.org/program/film/67532d01707ccd165908a006,Lurker,Screening,Jan 30,4:00 PM MST,Redstone Cinemas - 1,Park City
https://festival.sundance.org/program/film/67532d01707ccd165908a006,Lurker,Screening,Jan 31,5:30 PM MST,Rose Wagner Center,Salt Lake City
https://festival.sundance.org/program/film/67532d01707ccd165908a006,Lurker,Screening,Feb 2,6:00 PM MST,Redstone Cinemas - 4,Park City
https://festival.sundance.org/program/film/675329b368b8b7eb9bfe4842,LUZ,Premiere,Jan 23,3:30 PM MST,Egyptian Theatre,Park City
https://festival.sundance.org/program/film/675329b368b8b7eb9bfe4842,LUZ,Screening,Jan 24,5:20 PM MST,Redstone Cinemas - 3,Park City
https://festival.sundance.org/program/film/675329b368b8b7eb9bfe4842,LUZ,Screening,Jan 25,12:30 PM MST,Broadway Centre Cinemas - 6,Salt Lake City
https://festival.sundance.org/program/film/675329b368b8b7eb9bfe4842,LUZ,Screening,Jan 29,8:50 PM MST,Redstone Cinemas - 3,Park City
https://festival.sundance.org/program/film/675329b368b8b7eb9bfe4842,LUZ,Screening,Jan 31,7:00 PM MST,Holiday Village Cinemas - 3,Park City
https://festival.sundance.org/program/film/67532d53707ccd9b8108a14e,"Mad Bills to Pay (or Destiny, dile que no soy malo)",Premiere,Jan 26,5:45 PM MST,Library Center Theatre,Park City
https://festival.sundance.org/program/film/67532d53707ccd9b8108a14e,"Mad Bills to Pay (or Destiny, dile que no soy malo)",Screening,Jan 27,8:50 PM MST,Redstone Cinemas - 3,Park City
https://festival.sundance.org/program/film/67532d53707ccd9b8108a14e,"Mad Bills to Pay (or Destiny, dile que no soy malo)",Screening,Jan 29,8:15 PM MST,Broadway Centre Cinemas - 3,Salt Lake City
https://festival.sundance.org/program/film/67532d53707ccd9b8108a14e,"Mad Bills to Pay (or Destiny, dile que no soy malo)",Screening,Feb 1,1:30 PM MST,Holiday Village Cinemas - 3,Park City
https://festival.sundance.org/program/film/67532d53707ccd9b8108a14e,"Mad Bills to Pay (or Destiny, dile que no soy malo)",Screening,Feb 2,1:10 PM MST,Redstone Cinemas - 2,Park City
https://festival.sundance.org/program/film/67531de1707ccdbc5a0883ac,Magic Farm,Premiere,Jan 28,6:00 PM MST,Library Center Theatre,Park City
https://festival.sundance.org/program/film/67531de1707ccdbc5a0883ac,Magic Farm,Screening,Jan 29,4:00 PM MST,Redstone Cinemas - 1,Park City
https://festival.sundance.org/program/film/67531de1707ccdbc5a0883ac,Magic Farm,Screening,Jan 30,6:00 PM MST,Broadway Centre Cinemas - 6,Salt Lake City
https://festival.sundance.org/program/film/67531de1707ccdbc5a0883ac,Magic Farm,Screening,Feb 1,6:15 PM MST,Egyptian Theatre,Park City
https://festival.sundance.org/program/film/67531de1707ccdbc5a0883ac,Magic Farm,Screening,Feb 2,10:00 AM MST,Holiday Village Cinemas - 2,Park City
https://festival.sundance.org/program/film/6753353868b8b75415fe5cfd,Marlee Matlin: Not Alone Anymore,Premiere,Jan 23,12:00 PM MST,Eccles Theatre,Park City
https://festival.sundance.org/program/film/6753353868b8b75415fe5cfd,Marlee Matlin: Not Alone Anymore,Screening,Jan 24,12:30 PM MST,Redstone Cinemas - 1,Park City
https://festival.sundance.org/program/film/6753353868b8b75415fe5cfd,Marlee Matlin: Not Alone Anymore,Screening,Jan 25,11:30 AM MST,Rose Wagner Center,Salt Lake City
https://festival.sundance.org/program/film/6753353868b8b75415fe5cfd,Marlee Matlin: Not Alone Anymore,Screening,Jan 29,9:00 PM MST,Library Center Theatre,Park City
https://festival.sundance.org/program/film/6753353868b8b75415fe5cfd,Marlee Matlin: Not Alone Anymore,Screening,Jan 30,9:40 AM MST,Redstone Cinemas - 2,Park City
https://festival.sundance.org/program/film/67532576707ccd32140890e4,Middletown,Premiere,Jan 28,3:00 PM MST,Library Center Theatre,Park City
https://festival.sundance.org/program/film/67532576707ccd32140890e4,Middletown,Screening,Jan 30,2:30 PM MST,Redstone Cinemas - 4,Park City
https://festival.sundance.org/program/film/67532576707ccd32140890e4,Middletown,Screening,Feb 1,3:30 PM MST,Holiday Village Cinemas - 1,Park City
https://festival.sundance.org/program/film/67532576707ccd32140890e4,Middletown,Screening,Feb 2,3:15 PM MST,Broadway Centre Cinemas - 6,Salt Lake City
https://festival.sundance.org/program/short-info/67534dd363b94348c1c22c46,Midnight Short Film Program,Premiere,Jan 26,11:55 PM  MST,Library Center Theatre,Park City
https://festival.sundance.org/program/short-info/67534dd363b94348c1c22c46,Midnight Short Film Program,Screening,Jan 28,10:20 AM  MST,Redstone Cinemas - 3,Park City
https://festival.sundance.org/program/short-info/67534dd363b94348c1c22c46,Midnight Short Film Program,Screening,Jan 30,8:50 PM  MST,Redstone Cinemas - 3,Park City
https://festival.sundance.org/program/short-info/67534dd363b94348c1c22c46,Midnight Short Film Program,Screening,Jan 31,9:30 PM  MST,Broadway Centre Cinemas - 6,Salt Lake City
https://festival.sundance.org/program/film/675328ef707ccdd5490898a3,Move Ya Body: The Birth of House,Premiere,Jan 26,10:00 PM MST,The Ray Theatre,Park City
https://festival.sundance.org/program/film/675328ef707ccdd5490898a3,Move Ya Body: The Birth of House,Screening,Jan 27,9:30 PM MST,Redstone Cinemas - 4,Park City
https://festival.sundance.org/program/film/675328ef707ccdd5490898a3,Move Ya Body: The Birth of House,Screening,Jan 30,8:30 PM MST,Broadway Centre Cinemas - 3,Salt Lake City
https://festival.sundance.org/program/film/675328ef707ccdd5490898a3,Move Ya Body: The Birth of House,Screening,Jan 31,10:20 AM MST,Redstone Cinemas - 3,Park City
https://festival.sundance.org/program/film/675328ef707ccdd5490898a3,Move Ya Body: The Birth of House,Screening,Feb 2,2:45 PM MST,Library Center Theatre,Park City
https://festival.sundance.org/program/film/675315ab68b8b7b799fe264a,Mr. Nobody Against Putin,Premiere,Jan 25,12:00 PM MST,Egyptian Theatre,Park City
https://festival.sundance.org/program/film/675315ab68b8b7b799fe264a,Mr. Nobody Against Putin,Screening,Jan 26,11:00 AM MST,Redstone Cinemas - 4,Park City
https://festival.sundance.org/program/film/675315ab68b8b7b799fe264a,Mr. Nobody Against Putin,Screening,Jan 27,3:00 PM MST,Broadway Centre Cinemas - 3,Salt Lake City
https://festival.sundance.org/program/film/675315ab68b8b7b799fe264a,Mr. Nobody Against Putin,Screening,Jan 31,6:00 PM MST,Redstone Cinemas - 4,Park City
https://festival.sundance.org/program/film/675315ab68b8b7b799fe264a,Mr. Nobody Against Putin,Screening,Feb 1,1:00 PM MST,Holiday Village Cinemas - 2,Park City
https://festival.sundance.org/program/film/675f3d680c19536f0cc52cce,NEXT Special Jury Award,Award Winner,Feb 1,8:30 PM MST,Library Center Theatre,Park City
https://festival.sundance.org/program/film/67532da4707ccd523f08a216,OBEX,Premiere,Jan 25,6:00 PM MST,Egyptian Theatre,Park City
https://festival.sundance.org/program/film/67532da4707ccd523f08a216,OBEX,Screening,Jan 26,8:50 PM MST,Redstone Cinemas - 3,Park City
https://festival.sundance.org/program/film/67532da4707ccd523f08a216,OBEX,Screening,Jan 28,9:00 PM MST,Broadway Centre Cinemas - 3,Salt Lake City
https://festival.sundance.org/program/film/67532da4707ccd523f08a216,OBEX,Screening,Jan 30,10:30 AM MST,Holiday Village Cinemas - 2,Park City
https://festival.sundance.org/program/film/67532da4707ccd523f08a216,OBEX,Screening,Feb 1,4:40 PM MST,Redstone Cinemas - 2,Park City
https://festival.sundance.org/program/film/6753204a707ccd5217088939,"Oh, Hi!",Premiere,Jan 26,12:00 PM MST,Eccles Theatre,Park City
https://festival.sundance.org/program/film/6753204a707ccd5217088939,"Oh, Hi!",Screening,Jan 27,4:00 PM MST,Redstone Cinemas - 1,Park City
https://festival.sundance.org/program/film/6753204a707ccd5217088939,"Oh, Hi!",Screening,Jan 29,5:15 PM MST,Rose Wagner Center,Salt Lake City
https://festival.sundance.org/program/film/6753204a707ccd5217088939,"Oh, Hi!",Screening,Jan 31,11:55 PM MST,The Ray Theatre,Park City
https://festival.sundance.org/program/film/6753204a707ccd5217088939,"Oh, Hi!",Screening,Feb 2,7:30 PM MST,Holiday Village Cinemas - 2,Park City
https://festival.sundance.org/program/film/675322a468b8b799a0fe3800,Omaha,Premiere,Jan 23,2:30 PM MST,The Ray Theatre,Park City
https://festival.sundance.org/program/film/675322a468b8b799a0fe3800,Omaha,Screening,Jan 24,9:30 PM MST,Redstone Cinemas - 1,Park City
https://festival.sundance.org/program/film/675322a468b8b799a0fe3800,Omaha,Screening,Jan 25,9:00 PM MST,Broadway Centre Cinemas - 3,Salt Lake City
https://festival.sundance.org/program/film/675322a468b8b799a0fe3800,Omaha,Screening,Jan 30,12:30 PM MST,Redstone Cinemas - 1,Park City
https://festival.sundance.org/program/film/675322a468b8b799a0fe3800,Omaha,Screening,Feb 1,10:00 AM MST,Holiday Village Cinemas - 1,Park City
https://festival.sundance.org/program/film/67531b9a707ccd3563088123,One to One: John & Yoko,Premiere,Jan 23,11:30 AM MST,The Ray Theatre,Park City
https://festival.sundance.org/program/film/67531b9a707ccd3563088123,One to One: John & Yoko,Screening,Jan 24,2:30 PM MST,Redstone Cinemas - 4,Park City
https://festival.sundance.org/program/film/67531b9a707ccd3563088123,One to One: John & Yoko,Screening,Jan 24,9:30 PM MST,Rose Wagner Center,Salt Lake City
https://festival.sundance.org/program/film/67531b9a707ccd3563088123,One to One: John & Yoko,Screening,Jan 29,4:40 PM MST,Redstone Cinemas - 2,Park City
https://festival.sundance.org/program/film/67531b9a707ccd3563088123,One to One: John & Yoko,Screening,Feb 1,12:00 PM MST,Egyptian Theatre,Park City
https://festival.sundance.org/program/film/67532daf707ccd2b7608a24e,Opus,Premiere,Jan 27,9:30 PM MST,Eccles Theatre,Park City
https://festival.sundance.org/program/film/67532daf707ccd2b7608a24e,Opus,Screening,Jan 28,9:30 PM MST,Redstone Cinemas - 4,Park City
https://festival.sundance.org/program/film/67532daf707ccd2b7608a24e,Opus,Screening,Jan 30,11:55 PM MST,The Ray Theatre,Park City
https://festival.sundance.org/program/film/67532daf707ccd2b7608a24e,Opus,Screening,Feb 1,5:30 PM MST,Rose Wagner Center,Salt Lake City
https://festival.sundance.org/program/film/67532daf707ccd2b7608a24e,Opus,Screening,Feb 2,8:30 PM MST,Library Center Theatre,Park City
https://festival.sundance.org/program/film/675335e163b94358e2c220e1,Pee-wee as Himself,Premiere,Jan 23,8:00 PM MST,The Ray Theatre,Park City
https://festival.sundance.org/program/film/675335e163b94358e2c220e1,Pee-wee as Himself,Screening,Jan 24,8:10 PM MST,Redstone Cinemas - 2,Park City
https://festival.sundance.org/program/film/675335e163b94358e2c220e1,Pee-wee as Himself,Screening,Jan 25,10:15 AM MST,Broadway Centre Cinemas - 3,Salt Lake City
https://festival.sundance.org/program/film/675335e163b94358e2c220e1,Pee-wee as Himself,Screening,Jan 31,10:00 AM MST,Holiday Village Cinemas - 2,Park City
https://festival.sundance.org/program/film/67532ce3707ccdf862089f8a,Peter Hujar’s Day,Premiere,Jan 27,10:00 AM MST,The Ray Theatre,Park City
https://festival.sundance.org/program/film/67532ce3707ccdf862089f8a,Peter Hujar’s Day,Screening,Jan 28,6:00 PM MST,Redstone Cinemas - 4,Park City
https://festival.sundance.org/program/film/67532ce3707ccdf862089f8a,Peter Hujar’s Day,Screening,Jan 30,3:30 PM MST,Broadway Centre Cinemas - 6,Salt Lake City
https://festival.sundance.org/program/film/67532ce3707ccdf862089f8a,Peter Hujar’s Day,Screening,Jan 31,8:45 AM MST,Library Center Theatre,Park City
https://festival.sundance.org/program/film/67532ce3707ccdf862089f8a,Peter Hujar’s Day,Screening,Feb 2,6:00 PM MST,Egyptian Theatre,Park City
https://festival.sundance.org/program/film/6753252368b8b76982fe3b98,Plainclothes,Premiere,Jan 26,7:00 PM MST,The Ray Theatre,Park City
https://festival.sundance.org/program/film/6753252368b8b76982fe3b98,Plainclothes,Screening,Jan 28,4:00 PM MST,Redstone Cinemas - 1,Park City
https://festival.sundance.org/program/film/6753252368b8b76982fe3b98,Plainclothes,Screening,Jan 31,2:30 PM MST,Rose Wagner Center,Salt Lake City
https://festival.sundance.org/program/film/6753252368b8b76982fe3b98,Plainclothes,Screening,Feb 1,12:45 PM MST,Holiday Village Cinemas - 1,Park City
https://festival.sundance.org/program/film/6753252368b8b76982fe3b98,Plainclothes,Screening,Feb 2,9:00 PM MST,The Ray Theatre,Park City
https://festival.sundance.org/program/film/6753318d68b8b7e6f3fe531c,Predators,Premiere,Jan 25,4:30 PM MST,The Ray Theatre,Park City
https://festival.sundance.org/program/film/6753318d68b8b7e6f3fe531c,Predators,Screening,Jan 26,8:10 PM MST,Redstone Cinemas - 2,Park City
https://festival.sundance.org/program/film/6753318d68b8b7e6f3fe531c,Predators,Screening,Jan 27,6:00 PM MST,Broadway Centre Cinemas - 3,Salt Lake City
https://festival.sundance.org/program/film/6753318d68b8b7e6f3fe531c,Predators,Screening,Jan 30,6:00 PM MST,Redstone Cinemas - 4,Park City
https://festival.sundance.org/program/film/67531d7268b8b75adffe2fcd,Prime Minister,Premiere,Jan 24,12:00 PM MST,Eccles Theatre,Park City
https://festival.sundance.org/program/film/67531d7268b8b75adffe2fcd,Prime Minister,Screening,Jan 25,4:00 PM MST,Redstone Cinemas - 1,Park City
https://festival.sundance.org/program/film/67531d7268b8b75adffe2fcd,Prime Minister,Screening,Jan 26,11:30 AM MST,Rose Wagner Center,Salt Lake City
https://festival.sundance.org/program/film/67531d7268b8b75adffe2fcd,Prime Minister,Screening,Jan 30,5:45 PM MST,Library Center Theatre,Park City
https://festival.sundance.org/program/film/67531d7268b8b75adffe2fcd,Prime Minister,Screening,Jan 31,4:00 PM MST,Redstone Cinemas - 1,Park City
https://festival.sundance.org/program/film/67532dc1707ccd291508a284,Rabbit Trap,Premiere,Jan 24,9:15 PM MST,Eccles Theatre,Park City
https://festival.sundance.org/program/film/67532dc1707ccd291508a284,Rabbit Trap,Screening,Jan 25,9:30 PM MST,Redstone Cinemas - 4,Park City
https://festival.sundance.org/program/film/67532dc1707ccd291508a284,Rabbit Trap,Screening,Jan 26,8:30 PM MST,Broadway Centre Cinemas - 3,Salt Lake City
https://festival.sundance.org/program/film/67532dc1707ccd291508a284,Rabbit Trap,Screening,Jan 30,11:45 PM MST,Library Center Theatre,Park City
https://festival.sundance.org/program/film/67532dc1707ccd291508a284,Rabbit Trap,Screening,Feb 1,11:55 PM MST,Library Center Theatre,Park City
https://festival.sundance.org/program/film/67532d1f707ccde1b008a073,Rains Over Babel,Premiere,Jan 26,2:45 PM MST,Library Center Theatre,Park City
https://festival.sundance.org/program/film/67532d1f707ccde1b008a073,Rains Over Babel,Screening,Jan 27,8:10 PM MST,Redstone Cinemas - 2,Park City
https://festival.sundance.org/program/film/67532d1f707ccde1b008a073,Rains Over Babel,Screening,Jan 30,7:00 PM MST,Holiday Village Cinemas - 1,Park City
https://festival.sundance.org/program/film/67532d1f707ccde1b008a073,Rains Over Babel,Screening,Feb 1,8:45 PM MST,Broadway Centre Cinemas - 3,Salt Lake City
https://festival.sundance.org/program/film/67532d1f707ccde1b008a073,Rains Over Babel,Screening,Feb 2,1:50 PM MST,Redstone Cinemas - 3,Park City
https://festival.sundance.org/program/film/67531fec707ccd8ae308887c,Rebuilding,Premiere,Jan 26,3:00 PM MST,Eccles Theatre,Park City
https://festival.sundance.org/program/film/67531fec707ccd8ae308887c,Rebuilding,Screening,Jan 27,9:00 AM MST,Redstone Cinemas - 1,Park City
https://festival.sundance.org/program/film/67531fec707ccd8ae308887c,Rebuilding,Screening,Jan 30,8:00 AM MST,The Ray Theatre,Park City
https://festival.sundance.org/program/film/67531fec707ccd8ae308887c,Rebuilding,Screening,Jan 31,8:10 PM MST,Redstone Cinemas - 2,Park City
https://festival.sundance.org/program/film/67531fec707ccd8ae308887c,Rebuilding,Screening,Feb 2,12:30 PM MST,Broadway Centre Cinemas - 6,Salt Lake City
https://festival.sundance.org/program/film/675326ee68b8b70b59fe4051,Ricky,Premiere,Jan 24,3:00 PM MST,Eccles Theatre,Park City
https://festival.sundance.org/program/film/675326ee68b8b70b59fe4051,Ricky,Screening,Jan 25,8:30 AM MST,Library Center Theatre,Park City
https://festival.sundance.org/program/film/675326ee68b8b70b59fe4051,Ricky,Screening,Jan 29,2:00 PM MST,Rose Wagner Center,Salt Lake City
https://festival.sundance.org/program/film/675326ee68b8b70b59fe4051,Ricky,Screening,Jan 30,11:00 AM MST,Redstone Cinemas - 4,Park City
https://festival.sundance.org/program/film/675326ee68b8b70b59fe4051,Ricky,Screening,Feb 2,6:30 PM MST,Holiday Village Cinemas - 1,Park City
https://festival.sundance.org/program/film/675330ab68b8b75d6afe5091,Sabar Bonda (Cactus Pears),Premiere,Jan 26,6:00 PM MST,Egyptian Theatre,Park City
https://festival.sundance.org/program/film/675330ab68b8b75d6afe5091,Sabar Bonda (Cactus Pears),Screening,Jan 27,1:50 PM MST,Redstone Cinemas - 3,Park City
https://festival.sundance.org/program/film/675330ab68b8b75d6afe5091,Sabar Bonda (Cactus Pears),Screening,Jan 29,3:15 PM MST,Broadway Centre Cinemas - 6,Salt Lake City
https://festival.sundance.org/program/film/675330ab68b8b75d6afe5091,Sabar Bonda (Cactus Pears),Screening,Jan 31,8:50 PM MST,Redstone Cinemas - 3,Park City
https://festival.sundance.org/program/film/675325b4707ccd3c60089124,SALLY,Premiere,Jan 28,1:15 PM MST,The Ray Theatre,Park City
https://festival.sundance.org/program/film/675325b4707ccd3c60089124,SALLY,Screening,Jan 29,6:00 PM MST,Library Center Theatre,Park City
https://festival.sundance.org/program/film/675325b4707ccd3c60089124,SALLY,Screening,Jan 30,9:00 AM MST,Redstone Cinemas - 1,Park City
https://festival.sundance.org/program/film/675325b4707ccd3c60089124,SALLY,Screening,Feb 1,6:00 PM MST,Broadway Centre Cinemas - 6,Salt Lake City
https://festival.sundance.org/program/film/675325b4707ccd3c60089124,SALLY,Screening,Feb 2,3:30 PM MST,Holiday Village Cinemas - 1,Park City
https://festival.sundance.org/program/film/67532b8b68b8b71454fe4aee,Sauna,Premiere,Jan 27,5:15 PM MST,Library Center Theatre,Park City
https://festival.sundance.org/program/film/67532b8b68b8b71454fe4aee,Sauna,Screening,Jan 28,4:40 PM MST,Redstone Cinemas - 2,Park City
https://festival.sundance.org/program/film/67532b8b68b8b71454fe4aee,Sauna,Screening,Jan 30,1:50 PM MST,Redstone Cinemas - 3,Park City
https://festival.sundance.org/program/film/67532b8b68b8b71454fe4aee,Sauna,Screening,Jan 31,6:15 PM MST,Broadway Centre Cinemas - 3,Salt Lake City
https://festival.sundance.org/program/film/6753341368b8b7e6fffe598b,Seeds,Premiere,Jan 25,10:00 AM MST,The Ray Theatre,Park City
https://festival.sundance.org/program/film/6753341368b8b7e6fffe598b,Seeds,Screening,Jan 26,1:10 PM MST,Redstone Cinemas - 2,Park City
https://festival.sundance.org/program/film/6753341368b8b7e6fffe598b,Seeds,Screening,Jan 27,3:30 PM MST,Broadway Centre Cinemas - 6,Salt Lake City
https://festival.sundance.org/program/film/6753341368b8b7e6fffe598b,Seeds,Screening,Jan 30,1:15 PM MST,Holiday Village Cinemas - 2,Park City
https://festival.sundance.org/program/film/6753346e68b8b77ab1fe5aa5,Selena y Los Dinos,Premiere,Jan 26,8:45 PM MST,Library Center Theatre,Park City
https://festival.sundance.org/program/film/6753346e68b8b77ab1fe5aa5,Selena y Los Dinos,Screening,Jan 27,12:30 PM MST,Redstone Cinemas - 1,Park City
https://festival.sundance.org/program/film/6753346e68b8b77ab1fe5aa5,Selena y Los Dinos,Screening,Jan 28,4:30 PM MST,Rose Wagner Center,Salt Lake City
https://festival.sundance.org/program/film/6753346e68b8b77ab1fe5aa5,Selena y Los Dinos,Screening,Jan 31,5:30 PM MST,Library Center Theatre,Park City
https://festival.sundance.org/program/film/6753346e68b8b77ab1fe5aa5,Selena y Los Dinos,Screening,Feb 1,4:00 PM MST,Redstone Cinemas - 1,Park City
https://festival.sundance.org/program/film/67532d61707ccddaf208a188,Serious People,Premiere,Jan 27,8:30 PM MST,Library Center Theatre,Park City
https://festival.sundance.org/program/film/67532d61707ccddaf208a188,Serious People,Screening,Jan 28,2:30 PM MST,Redstone Cinemas - 4,Park City
https://festival.sundance.org/program/film/67532d61707ccddaf208a188,Serious People,Screening,Jan 30,5:45 PM MST,Egyptian Theatre,Park City
https://festival.sundance.org/program/film/67532d61707ccddaf208a188,Serious People,Screening,Jan 31,6:30 PM MST,Broadway Centre Cinemas - 6,Salt Lake City
https://festival.sundance.org/program/film/67532d61707ccddaf208a188,Serious People,Screening,Feb 2,8:50 PM MST,Redstone Cinemas - 3,Park City
https://festival.sundance.org/program/short-info/67534b8063b943bd8fc22b13,Short Film Program 1,Premiere,Jan 23,12:00 PM  MST,Library Center Theatre,Park City
https://festival.sundance.org/program/short-info/67534b8063b943bd8fc22b13,Short Film Program 1,Screening,Jan 24,11:00 AM  MST,Redstone Cinemas - 4,Park City
https://festival.sundance.org/program/short-info/67534b8063b943bd8fc22b13,Short Film Program 1,Screening,Jan 24,9:15 PM  MST,Broadway Centre Cinemas - 6,Salt Lake City
https://festival.sundance.org/program/short-info/67534b8063b943bd8fc22b13,Short Film Program 1,Screening,Jan 31,9:40 AM  MST,Redstone Cinemas - 2,Park City
https://festival.sundance.org/program/short-info/67534bc663b9438e7bc22b4c,Short Film Program 2,Premiere,Jan 24,12:00 PM  MST,Egyptian Theatre,Park City
https://festival.sundance.org/program/short-info/67534bc663b9438e7bc22b4c,Short Film Program 2,Screening,Jan 25,10:20 AM  MST,Redstone Cinemas - 3,Park City
https://festival.sundance.org/program/short-info/67534bc663b9438e7bc22b4c,Short Film Program 2,Screening,Jan 25,9:30 PM  MST,Broadway Centre Cinemas - 6,Salt Lake City
https://festival.sundance.org/program/short-info/67534bc663b9438e7bc22b4c,Short Film Program 2,Screening,Jan 31,1:10 PM  MST,Redstone Cinemas - 2,Park City
https://festival.sundance.org/program/short-info/67534c3363b943037dc22b7e,Short Film Program 3,Premiere,Jan 27,9:30 PM  MST,The Ray Theatre,Park City
https://festival.sundance.org/program/short-info/67534c3363b943037dc22b7e,Short Film Program 3,Screening,Jan 28,12:15 PM  MST,Broadway Centre Cinemas - 6,Salt Lake City
https://festival.sundance.org/program/short-info/67534c3363b943037dc22b7e,Short Film Program 3,Screening,Jan 29,10:20 AM  MST,Redstone Cinemas - 3,Park City
https://festival.sundance.org/program/short-info/67534c3363b943037dc22b7e,Short Film Program 3,Screening,Feb 1,9:40 AM  MST,Redstone Cinemas - 2,Park City
https://festival.sundance.org/program/short-info/67534c5d63b943493cc22bb0,Short Film Program 4,Premiere,Jan 25,9:00 PM  MST,Egyptian Theatre,Park City
https://festival.sundance.org/program/short-info/67534c5d63b943493cc22bb0,Short Film Program 4,Premiere,Jan 26,10:20 AM  MST,Redstone Cinemas - 3,Park City
https://festival.sundance.org/program/short-info/67534c5d63b943493cc22bb0,Short Film Program 4,Screening,Jan 28,12:00 PM  MST,Broadway Centre Cinemas - 3,Salt Lake City
https://festival.sundance.org/program/short-info/67534c5d63b943493cc22bb0,Short Film Program 4,Screening,Feb 1,10:20 AM  MST,Redstone Cinemas - 3,Park City
https://festival.sundance.org/program/short-info/67534ca263b9435d24c22be2,Short Film Program 5,Premiere,Jan 27,11:30 AM  MST,Library Center Theatre,Park City
https://festival.sundance.org/program/short-info/67534ca263b9435d24c22be2,Short Film Program 5,Screening,Jan 28,1:50 PM  MST,Redstone Cinemas - 3,Park City
https://festival.sundance.org/program/short-info/67534ca263b9435d24c22be2,Short Film Program 5,Screening,Jan 29,9:15 PM  MST,Broadway Centre Cinemas - 6,Salt Lake City
https://festival.sundance.org/program/short-info/67534ca263b9435d24c22be2,Short Film Program 5,Premiere,Feb 1,1:50 PM  MST,Redstone Cinemas - 3,Park City
https://festival.sundance.org/program/film/67532cd4707ccd7bf7089f52,SLY LIVES! (aka The Burden of Black Genius),Premiere,Jan 23,9:30 PM MST,Eccles Theatre,Park City
https://festival.sundance.org/program/film/67532cd4707ccd7bf7089f52,SLY LIVES! (aka The Burden of Black Genius),Screening,Jan 24,6:00 PM MST,Redstone Cinemas - 1,Park City
https://festival.sundance.org/program/film/67532cd4707ccd7bf7089f52,SLY LIVES! (aka The Burden of Black Genius),Screening,Jan 25,2:30 PM MST,Rose Wagner Center,Salt Lake City
https://festival.sundance.org/program/film/67532cd4707ccd7bf7089f52,SLY LIVES! (aka The Burden of Black Genius),Screening,Jan 29,9:00 AM MST,Redstone Cinemas - 1,Park City
https://festival.sundance.org/program/film/67532cd4707ccd7bf7089f52,SLY LIVES! (aka The Burden of Black Genius),Screening,Jan 31,11:15 AM MST,Library Center Theatre,Park City
https://festival.sundance.org/program/film/6753222f68b8b7cd58fe36bb,"Sorry, Baby",Premiere,Jan 27,6:15 PM MST,Eccles Theatre,Park City
https://festival.sundance.org/program/film/6753222f68b8b7cd58fe36bb,"Sorry, Baby",Screening,Jan 28,7:30 PM MST,Redstone Cinemas - 1,Park City
https://festival.sundance.org/program/film/6753222f68b8b7cd58fe36bb,"Sorry, Baby",Screening,Jan 30,9:00 PM MST,The Ray Theatre,Park City
https://festival.sundance.org/program/film/6753222f68b8b7cd58fe36bb,"Sorry, Baby",Screening,Jan 31,2:30 PM MST,Library Center Theatre,Park City
https://festival.sundance.org/program/film/6753222f68b8b7cd58fe36bb,"Sorry, Baby",Screening,Feb 1,11:30 AM MST,Rose Wagner Center,Salt Lake City
https://festival.sundance.org/program/film/6753333d68b8b7221bfe5700,Speak.,Premiere,Jan 23,3:00 PM MST,Library Center Theatre,Park City
https://festival.sundance.org/program/film/6753333d68b8b7221bfe5700,Speak.,Screening,Jan 24,4:40 PM MST,Redstone Cinemas - 2,Park City
https://festival.sundance.org/program/film/6753333d68b8b7221bfe5700,Speak.,Screening,Jan 25,3:00 PM MST,Broadway Centre Cinemas - 3,Salt Lake City
https://festival.sundance.org/program/film/6753333d68b8b7221bfe5700,Speak.,Screening,Jan 29,6:30 PM MST,Holiday Village Cinemas - 3,Park City
https://festival.sundance.org/program/film/6753333d68b8b7221bfe5700,Speak.,Screening,Feb 1,11:00 AM MST,Redstone Cinemas - 4,Park City
https://festival.sundance.org/program/film/6753313468b8b74249fe51e1,Sugar Babies,Premiere,Jan 27,2:30 PM MST,Library Center Theatre,Park City
https://festival.sundance.org/program/film/6753313468b8b74249fe51e1,Sugar Babies,Screening,Jan 28,11:00 AM MST,Redstone Cinemas - 4,Park City
https://festival.sundance.org/program/film/6753313468b8b74249fe51e1,Sugar Babies,Screening,Jan 29,12:00 PM MST,Broadway Centre Cinemas - 3,Salt Lake City
https://festival.sundance.org/program/film/6753313468b8b74249fe51e1,Sugar Babies,Screening,Jan 31,9:30 AM MST,Holiday Village Cinemas - 1,Park City
https://festival.sundance.org/program/film/67532ef068b8b7b657fe4dba,Sukkwan Island,Premiere,Jan 25,1:30 PM MST,The Ray Theatre,Park City
https://festival.sundance.org/program/film/67532ef068b8b7b657fe4dba,Sukkwan Island,Screening,Jan 26,9:40 AM MST,Redstone Cinemas - 2,Park City
https://festival.sundance.org/program/film/67532ef068b8b7b657fe4dba,Sukkwan Island,Screening,Jan 28,9:15 PM MST,Broadway Centre Cinemas - 6,Salt Lake City
https://festival.sundance.org/program/film/67532ef068b8b7b657fe4dba,Sukkwan Island,Screening,Jan 30,6:30 PM MST,Holiday Village Cinemas - 4,Park City
https://festival.sundance.org/program/film/67532ef068b8b7b657fe4dba,Sukkwan Island,Screening,Jan 31,8:30 PM MST,Egyptian Theatre,Park City
https://festival.sundance.org/program/film/67531ef268b8b7d56dfe338e,Sunfish (& Other Stories on Green Lake),Premiere,Jan 26,10:00 AM MST,The Ray Theatre,Park City
https://festival.sundance.org/program/film/67531ef268b8b7d56dfe338e,Sunfish (& Other Stories on Green Lake),Screening,Jan 27,2:30 PM MST,Redstone Cinemas - 4,Park City
https://festival.sundance.org/program/film/67531ef268b8b7d56dfe338e,Sunfish (& Other Stories on Green Lake),Screening,Jan 30,12:00 PM MST,Egyptian Theatre,Park City
https://festival.sundance.org/program/film/67531ef268b8b7d56dfe338e,Sunfish (& Other Stories on Green Lake),Screening,Jan 31,12:30 PM MST,Broadway Centre Cinemas - 6,Salt Lake City
https://festival.sundance.org/program/film/675f7abb0f5caa840c7084a7,TBA,Screening,Feb 1,8:30 AM MST,Library Center Theatre,Park City
https://festival.sundance.org/program/film/675f7abb0f5caa840c7084a7,TBA,Screening,Feb 1,11:30 AM MST,Library Center Theatre,Park City
https://festival.sundance.org/program/film/675f7abb0f5caa840c7084a7,TBA,Screening,Feb 1,2:30 PM MST,Library Center Theatre,Park City
https://festival.sundance.org/program/film/675f7abb0f5caa840c7084a7,TBA,Screening,Feb 1,5:30 PM MST,Library Center Theatre,Park City
https://festival.sundance.org/program/film/675f7abb0f5caa840c7084a7,TBA,Screening,Feb 2,6:00 PM MST,The Ray Theatre,Park City
https://festival.sundance.org/program/film/6753325868b8b71617fe5470,The  Perfect Neighbor,Premiere,Jan 24,5:30 PM MST,Library Center Theatre,Park City
https://festival.sundance.org/program/film/6753325868b8b71617fe5470,The  Perfect Neighbor,Screening,Jan 25,1:10 PM MST,Redstone Cinemas - 2,Park City
https://festival.sundance.org/program/film/6753325868b8b71617fe5470,The  Perfect Neighbor,Screening,Jan 26,3:45 PM MST,Broadway Centre Cinemas - 6,Salt Lake City
https://festival.sundance.org/program/film/6753325868b8b71617fe5470,The  Perfect Neighbor,Screening,Jan 30,10:20 AM MST,Redstone Cinemas - 3,Park City
https://festival.sundance.org/program/film/67532c8068b8b71dd2fe4c6c,The  Virgin of Quarry Lake,Premiere,Jan 27,8:15 PM MST,Egyptian Theatre,Park City
https://festival.sundance.org/program/film/67532c8068b8b71dd2fe4c6c,The  Virgin of Quarry Lake,Screening,Jan 28,3:15 PM MST,Broadway Centre Cinemas - 6,Salt Lake City
https://festival.sundance.org/program/film/67532c8068b8b71dd2fe4c6c,The  Virgin of Quarry Lake,Screening,Jan 29,2:30 PM MST,Redstone Cinemas - 4,Park City
https://festival.sundance.org/program/film/67532c8068b8b71dd2fe4c6c,The  Virgin of Quarry Lake,Screening,Jan 31,5:20 PM MST,Redstone Cinemas - 3,Park City
https://festival.sundance.org/program/film/67532c8068b8b71dd2fe4c6c,The  Virgin of Quarry Lake,Screening,Feb 1,6:45 PM MST,Holiday Village Cinemas - 2,Park City
https://festival.sundance.org/program/film/67531fdd707ccd810308883b,The Ballad of Wallis Island,Premiere,Jan 25,3:00 PM MST,Eccles Theatre,Park City
https://festival.sundance.org/program/film/67531fdd707ccd810308883b,The Ballad of Wallis Island,Screening,Jan 26,12:45 PM MST,Redstone Cinemas - 1,Park City
https://festival.sundance.org/program/film/67531fdd707ccd810308883b,The Ballad of Wallis Island,Screening,Jan 27,8:30 AM MST,Library Center Theatre,Park City
https://festival.sundance.org/program/film/67531fdd707ccd810308883b,The Ballad of Wallis Island,Screening,Jan 28,7:45 PM MST,Rose Wagner Center,Salt Lake City
https://festival.sundance.org/program/film/67531fdd707ccd810308883b,The Ballad of Wallis Island,Screening,Jan 31,4:40 PM MST,Redstone Cinemas - 2,Park City
https://festival.sundance.org/program/film/67531fdd707ccd810308883b,The Ballad of Wallis Island,Screening,Feb 2,5:30 PM MST,Library Center Theatre,Park City
https://festival.sundance.org/program/film/67531df468b8b72fa7fe3113,The Dating Game,Premiere,Jan 23,9:15 PM MST,Egyptian Theatre,Park City
https://festival.sundance.org/program/film/67531df468b8b72fa7fe3113,The Dating Game,Screening,Jan 24,1:50 PM MST,Redstone Cinemas - 3,Park City
https://festival.sundance.org/program/film/67531df468b8b72fa7fe3113,The Dating Game,Screening,Jan 25,3:30 PM MST,Broadway Centre Cinemas - 6,Salt Lake City
https://festival.sundance.org/program/film/67531df468b8b72fa7fe3113,The Dating Game,Screening,Jan 29,5:20 PM MST,Redstone Cinemas - 3,Park City
https://festival.sundance.org/program/film/67531df468b8b72fa7fe3113,The Dating Game,Screening,Jan 31,5:45 PM MST,Holiday Village Cinemas - 2,Park City
https://festival.sundance.org/program/film/6753280168b8b77155fe4382,The Legend of Ochi,Premiere,Jan 26,12:00 PM MST,Library Center Theatre,Park City
https://festival.sundance.org/program/film/6753280168b8b77155fe4382,The Legend of Ochi,Screening,Jan 27,1:10 PM MST,Redstone Cinemas - 2,Park City
https://festival.sundance.org/program/film/6753280168b8b77155fe4382,The Legend of Ochi,Screening,Feb 1,12:00 PM MST,Broadway Centre Cinemas - 3,Salt Lake City
https://festival.sundance.org/program/film/6753280168b8b77155fe4382,The Legend of Ochi,Screening,Feb 2,12:00 PM MST,The Ray Theatre,Park City
https://festival.sundance.org/program/film/6753254b707ccdbab808902a,The Librarians,Premiere,Jan 24,1:00 PM MST,The Ray Theatre,Park City
https://festival.sundance.org/program/film/6753254b707ccdbab808902a,The Librarians,Screening,Jan 25,4:40 PM MST,Redstone Cinemas - 2,Park City
https://festival.sundance.org/program/film/6753254b707ccdbab808902a,The Librarians,Screening,Jan 26,2:45 PM MST,Broadway Centre Cinemas - 3,Salt Lake City
https://festival.sundance.org/program/film/6753254b707ccdbab808902a,The Librarians,Screening,Jan 29,11:00 AM MST,Redstone Cinemas - 4,Park City
https://festival.sundance.org/program/film/6753254b707ccdbab808902a,The Librarians,Screening,Jan 31,12:00 PM MST,Egyptian Theatre,Park City
https://festival.sundance.org/program/film/67532523707ccdd157088fb0,The Thing with Feathers,Premiere,Jan 25,9:45 PM MST,Eccles Theatre,Park City
https://festival.sundance.org/program/film/67532523707ccdd157088fb0,The Thing with Feathers,Screening,Jan 26,4:00 PM MST,Redstone Cinemas - 1,Park City
https://festival.sundance.org/program/film/67532523707ccdd157088fb0,The Thing with Feathers,Screening,Jan 28,11:55 PM MST,Library Center Theatre,Park City
https://festival.sundance.org/program/film/67532523707ccdd157088fb0,The Thing with Feathers,Screening,Jan 29,8:30 PM MST,Rose Wagner Center,Salt Lake City
https://festival.sundance.org/program/film/67532523707ccdd157088fb0,The Thing with Feathers,Screening,Jan 31,11:45 PM MST,Library Center Theatre,Park City
https://festival.sundance.org/program/film/67532523707ccdd157088fb0,The Thing with Feathers,Screening,Feb 2,8:30 PM MST,Egyptian Theatre,Park City
https://festival.sundance.org/program/film/6753302768b8b73647fe4f26,The Things You Kill,Premiere,Jan 24,9:00 PM MST,Egyptian Theatre,Park City
https://festival.sundance.org/program/film/6753302768b8b73647fe4f26,The Things You Kill,Screening,Jan 25,9:40 AM MST,Redstone Cinemas - 2,Park City
https://festival.sundance.org/program/film/6753302768b8b73647fe4f26,The Things You Kill,Screening,Jan 26,6:45 PM MST,Broadway Centre Cinemas - 6,Salt Lake City
https://festival.sundance.org/program/film/6753302768b8b73647fe4f26,The Things You Kill,Screening,Jan 30,12:45 PM MST,Holiday Village Cinemas - 1,Park City
https://festival.sundance.org/program/film/6753302768b8b73647fe4f26,The Things You Kill,Screening,Feb 2,4:40 PM MST,Redstone Cinemas - 2,Park City
https://festival.sundance.org/program/film/67532dd9707ccd17c608a2b4,The Ugly Stepsister,Premiere,Jan 23,9:00 PM MST,Library Center Theatre,Park City
https://festival.sundance.org/program/film/67532dd9707ccd17c608a2b4,The Ugly Stepsister,Screening,Jan 24,8:50 PM MST,Redstone Cinemas - 3,Park City
https://festival.sundance.org/program/film/67532dd9707ccd17c608a2b4,The Ugly Stepsister,Screening,Jan 25,6:30 PM MST,Broadway Centre Cinemas - 6,Salt Lake City
https://festival.sundance.org/program/film/67532dd9707ccd17c608a2b4,The Ugly Stepsister,Screening,Jan 29,9:30 PM MST,Redstone Cinemas - 4,Park City
https://festival.sundance.org/program/film/6753255b707ccd38ad08906a,The Wedding Banquet,Premiere,Jan 27,3:00 PM MST,Eccles Theatre,Park City
https://festival.sundance.org/program/film/6753255b707ccd38ad08906a,The Wedding Banquet,Screening,Jan 28,9:00 AM MST,Redstone Cinemas - 1,Park City
https://festival.sundance.org/program/film/6753255b707ccd38ad08906a,The Wedding Banquet,Screening,Jan 31,2:30 PM MST,Redstone Cinemas - 4,Park City
https://festival.sundance.org/program/film/6753255b707ccd38ad08906a,The Wedding Banquet,Screening,Feb 1,8:00 AM MST,The Ray Theatre,Park City
https://festival.sundance.org/program/film/6753255b707ccd38ad08906a,The Wedding Banquet,Screening,Feb 2,12:00 PM MST,Broadway Centre Cinemas - 3,Salt Lake City
https://festival.sundance.org/program/film/675334d168b8b782e1fe5bad,Third Act,Premiere,Jan 26,4:00 PM MST,The Ray Theatre,Park City
https://festival.sundance.org/program/film/675334d168b8b782e1fe5bad,Third Act,Screening,Jan 27,5:20 PM MST,Redstone Cinemas - 3,Park City
https://festival.sundance.org/program/film/675334d168b8b782e1fe5bad,Third Act,Screening,Jan 30,2:45 PM MST,Broadway Centre Cinemas - 3,Salt Lake City
https://festival.sundance.org/program/film/675334d168b8b782e1fe5bad,Third Act,Screening,Jan 31,5:45 PM MST,Egyptian Theatre,Park City
https://festival.sundance.org/program/film/6753359f68b8b718d6fe5e62,Together,Premiere,Jan 26,9:30 PM MST,Eccles Theatre,Park City
https://festival.sundance.org/program/film/6753359f68b8b718d6fe5e62,Together,Screening,Jan 27,7:30 PM MST,Redstone Cinemas - 1,Park City
https://festival.sundance.org/program/film/6753359f68b8b718d6fe5e62,Together,Screening,Jan 28,7:30 PM MST,The Ray Theatre,Park City
https://festival.sundance.org/program/film/6753359f68b8b718d6fe5e62,Together,Screening,Jan 30,6:00 PM MST,Holiday Village Cinemas - 3,Park City
https://festival.sundance.org/program/film/6753359f68b8b718d6fe5e62,Together,Screening,Feb 1,8:30 PM MST,Rose Wagner Center,Salt Lake City
https://festival.sundance.org/program/film/6753380a68b8b77b4ffe621e,Touch Me,Premiere,Jan 28,10:15 PM MST,The Ray Theatre,Park City
https://festival.sundance.org/program/film/6753380a68b8b77b4ffe621e,Touch Me,Screening,Jan 29,11:55 PM MST,Library Center Theatre,Park City
https://festival.sundance.org/program/film/6753380a68b8b77b4ffe621e,Touch Me,Screening,Jan 30,8:45 PM MST,Broadway Centre Cinemas - 6,Salt Lake City
https://festival.sundance.org/program/film/6753380a68b8b77b4ffe621e,Touch Me,Screening,Jan 31,9:30 PM MST,Redstone Cinemas - 4,Park City
https://festival.sundance.org/program/film/6753380a68b8b77b4ffe621e,Touch Me,Screening,Feb 2,5:20 PM MST,Redstone Cinemas - 3,Park City
https://festival.sundance.org/program/film/675328c3707ccdb2e00897f0,Train Dreams,Premiere,Jan 26,9:00 AM MST,Library Center Theatre,Park City
https://festival.sundance.org/program/film/675328c3707ccdb2e00897f0,Train Dreams,Screening,Jan 30,6:00 PM MST,The Ray Theatre,Park City
https://festival.sundance.org/program/film/675328c3707ccdb2e00897f0,Train Dreams,Screening,Jan 31,7:30 PM MST,Redstone Cinemas - 1,Park City
https://festival.sundance.org/program/film/675328c3707ccdb2e00897f0,Train Dreams,Screening,Feb 2,4:15 PM MST,Holiday Village Cinemas - 2,Park City
https://festival.sundance.org/program/film/67531f7668b8b74218fe3519,Twinless,Premiere,Jan 23,6:30 PM MST,Eccles Theatre,Park City
https://festival.sundance.org/program/film/67531f7668b8b74218fe3519,Twinless,Screening,Jan 24,11:15 PM MST,Library Center Theatre,Park City
https://festival.sundance.org/program/film/67531f7668b8b74218fe3519,Twinless,Screening,Jan 25,12:30 PM MST,Redstone Cinemas - 1,Park City
https://festival.sundance.org/program/film/67531f7668b8b74218fe3519,Twinless,Screening,Jan 30,7:30 PM MST,Redstone Cinemas - 1,Park City
https://festival.sundance.org/program/film/67531f7668b8b74218fe3519,Twinless,Screening,Feb 1,2:30 PM MST,Rose Wagner Center,Salt Lake City
https://festival.sundance.org/program/film/675328a568b8b77c14fe460f,Two Women,Premiere,Jan 25,10:30 PM MST,The Ray Theatre,Park City
https://festival.sundance.org/program/film/675328a568b8b77c14fe460f,Two Women,Screening,Jan 26,4:40 PM MST,Redstone Cinemas - 2,Park City
https://festival.sundance.org/program/film/675328a568b8b77c14fe460f,Two Women,Screening,Jan 28,6:00 PM MST,Broadway Centre Cinemas - 3,Salt Lake City
https://festival.sundance.org/program/film/675328a568b8b77c14fe460f,Two Women,Screening,Jan 30,8:45 PM MST,Library Center Theatre,Park City
https://festival.sundance.org/program/film/675328a568b8b77c14fe460f,Two Women,Screening,Feb 2,2:30 PM MST,Redstone Cinemas - 4,Park City
https://festival.sundance.org/program/film/675f43380c195329dbc52f36,U.S. Grand Jury Prize: Documentary,Award Winner,Feb 1,6:00 PM MST,The Ray Theatre,Park City
https://festival.sundance.org/program/film/675f4bb90c1953f0a0c53325,U.S. Grand Jury Prize: Dramatic,Award Winner,Feb 1,9:00 PM MST,The Ray Theatre,Park City
https://festival.sundance.org/program/film/6753374063b9438f5bc223f9,Unzipped,Premiere,Jan 28,6:30 PM MST,Egyptian Theatre,Park City
https://festival.sundance.org/program/film/6753290368b8b77915fe4715,Where the Wind Comes From,Premiere,Jan 26,9:15 PM MST,Egyptian Theatre,Park City
https://festival.sundance.org/program/film/6753290368b8b77915fe4715,Where the Wind Comes From,Screening,Jan 27,4:40 PM MST,Redstone Cinemas - 2,Park City
https://festival.sundance.org/program/film/6753290368b8b77915fe4715,Where the Wind Comes From,Screening,Jan 29,6:30 PM MST,Broadway Centre Cinemas - 6,Salt Lake City
https://festival.sundance.org/program/film/6753290368b8b77915fe4715,Where the Wind Comes From,Screening,Jan 31,4:15 PM MST,Holiday Village Cinemas - 3,Park City
https://festival.sundance.org/program/film/675f428f0c19532b9bc52e76,World Cinema Grand Jury Prize: Dramatic,Award Winner,Feb 1,3:00 PM MST,The Ray Theatre,Park City
https://festival.sundance.org/program/film/67532d6f707ccda0c508a1c4,Zodiac Killer Project,Premiere,Jan 27,5:30 PM MST,Egyptian Theatre,Park City
https://festival.sundance.org/program/film/67532d6f707ccda0c508a1c4,Zodiac Killer Project,Screening,Jan 28,8:10 PM MST,Redstone Cinemas - 2,Park City
https://festival.sundance.org/program/film/67532d6f707ccda0c508a1c4,Zodiac Killer Project,Screening,Jan 30,10:00 AM MST,Holiday Village Cinemas - 1,Park City
https://festival.sundance.org/program/film/67532d6f707ccda0c508a1c4,Zodiac Killer Project,Screening,Jan 31,9:15 PM MST,Broadway Centre Cinemas - 3,Salt Lake City
https://festival.sundance.org/program/film/67532d6f707ccda0c508a1c4,Zodiac Killer Project,Screening,Feb 1,1:10 PM MST,Redstone Cinemas - 2,Park City
